,SubjectID,L.BSTS,L.CACG,L.CMFG,L.CU,L.EC,L.FG,L.IPG,L.ITG,L.ICG,L.LOG,L.LOFG,L.LG,L.MOFG,L.MTG,L.PHIG,L.PaCG,L.POP,L.POR,L.PTR,L.PCAL,L.PoCG,L.PCG,L.PrCG,L.PCU,L.RACG,L.RMFG,L.SFG,L.SPG,L.STG,L.SMG,L.FP,L.TP,L.TTG,L.IN,R.BSTS,R.CACG,R.CMFG,R.CU,R.EC,R.FG,R.IPG,R.ITG,R.ICG,R.LOG,R.LOFG,R.LG,R.MOFG,R.MTG,R.PHIG,R.PaCG,R.POP,R.POR,R.PTR,R.PCAL,R.PoCG,R.PCG,R.PrCG,R.PCU,R.RACG,R.RMFG,R.SFG,R.SPG,R.STG,R.SMG,R.FP,R.TP,R.TTG,R.IN,age,sex
0,0,0.3382136594610728,-0.3849500459320673,-0.8432844014159412,0.034346546636335,0.7658480335593745,1.2683801660267282,-0.2684837044413719,0.9930190567535352,-0.8758637727606454,0.1255245756444254,0.4096559619883562,0.2433165109115252,0.5259429241910419,0.2961879256325692,0.1529136835832773,0.1173750297060298,-0.9428354895072804,0.467472474859376,-0.098538678905372,0.2841122348960544,-0.4417179342903952,-0.4319170344221476,-0.7351799104473895,0.3200651790693827,-0.1146978812562291,0.1232209822286523,-1.1900225094141066,-0.4365896256925218,0.4467690262315225,-0.5516663310975259,0.1032591218505308,0.44856456374978,0.261881956045671,0.5573686977126944,-0.0774289874502823,-0.402508585900697,-1.0486004461073102,0.2326897468369902,0.5424786143038222,1.745671620488276,-0.1924765541936595,0.5595960022438221,-0.9710598024779628,0.2314163805919556,1.061155523457746,-0.05644926729846,0.4416345646495969,0.0202314842341042,0.1750757660653456,0.4471655802274354,-0.8717198191992558,0.7155306639967978,0.1528356307294384,-0.0914428005029354,-0.3284315828597675,0.0998017096004299,-0.5561628277049463,0.2672244731438385,0.1493965502017414,-0.2085830664584161,-1.1970483895477302,-0.540512055873346,-0.1718332319861842,-0.3677233819935448,-0.4062091476546294,0.0026718722511257,-0.4508472462156378,0.5147229442421009,25.0,?
